Sector,Año Plantación,Mes Plan,Producto,Válvula,Fecha Estimada,Litros Planeados
Chacra Vieja,2011,Octubre,NITRON,Valvula_1,2025-08-25,584.4155844155844
Chacra Pivot,2012,Octubre,NITRON,Valvula_1,2025-08-25,248.91774891774884
Chacra Isla,2016,Octubre,NITRON,Valvula_1,2025-08-25,411.25541125541116
Chacra Isla,2017,Octubre,NITRON,Valvula_1,2025-08-25,243.50649350649346
Chacra Isla,2018,Octubre,NITRON,Valvula_1,2025-08-25,358.7662337662337
Chacra Isla,2019,Octubre,NITRON,Valvula_1,2025-08-25,416.6666666666666
Chacra Vieja,2011,Octubre,NITRON,Valvula_2,2025-08-25,1266.233766233766
Chacra Pivot,2012,Octubre,NITRON,Valvula_2,2025-08-25,346.3203463203463
Chacra Isla,2016,Octubre,NITRON,Valvula_2,2025-08-25,467.8030303030302
Chacra Isla,2017,Octubre,NITRON,Valvula_2,2025-08-25,243.50649350649346
Chacra Isla,2018,Octubre,NITRON,Valvula_2,2025-08-25,354.16666666666663
Chacra Isla,2019,Octubre,NITRON,Valvula_2,2025-08-25,454.54545454545445
Chacra Isla,2016,Octubre,NITRON,Valvula_3,2025-08-25,436.9588744588744
Chacra Isla,2017,Octubre,NITRON,Valvula_3,2025-08-25,243.50649350649346
Chacra Isla,2018,Octubre,NITRON,Valvula_3,2025-08-25,478.35497835497824
Chacra Isla,2019,Octubre,NITRON,Valvula_3,2025-08-25,454.54545454545445
Chacra Isla,2016,Octubre,NITRON,Valvula_4,2025-08-25,498.647186147186
Chacra Isla,2017,Octubre,NITRON,Valvula_4,2025-08-25,243.50649350649346
Chacra Isla,2018,Octubre,NITRON,Valvula_4,2025-08-25,404.7619047619047
Chacra Isla,2019,Octubre,NITRON,Valvula_4,2025-08-25,378.78787878787875
Chacra Vieja,2011,Noviembre,NITRON,Valvula_1,2025-09-01,788.9610389610389
Chacra Vieja,2011,Noviembre,BIOPRODUCCION,Valvula_1,2025-09-01,1440.0
Chacra Vieja,2011,Noviembre,BIOPREMIUM,Valvula_1,2025-09-01,1333.3333333333333
Chacra Pivot,2012,Noviembre,NITRON,Valvula_1,2025-09-01,336.03896103896096
Chacra Pivot,2012,Noviembre,BIOPRODUCCION,Valvula_1,2025-09-01,529.0
Chacra Pivot,2012,Noviembre,BIOPREMIUM,Valvula_1,2025-09-01,425.9259259259259
Chacra Isla,2016,Noviembre,NITRON,Valvula_1,2025-09-01,555.1948051948052
Chacra Isla,2016,Noviembre,BIOPRODUCCION,Valvula_1,2025-09-01,920.0
Chacra Isla,2016,Noviembre,BIOPREMIUM,Valvula_1,2025-09-01,592.5925925925926
Chacra Isla,2017,Noviembre,NITRON,Valvula_1,2025-09-01,328.7337662337662
Chacra Isla,2017,Noviembre,BIOPRODUCCION,Valvula_1,2025-09-01,450.0
Chacra Isla,2017,Noviembre,BIOPREMIUM,Valvula_1,2025-09-01,333.3333333333333
Chacra Isla,2018,Noviembre,NITRON,Valvula_1,2025-09-01,627.8409090909089
Chacra Isla,2018,Noviembre,BIOPRODUCCION,Valvula_1,2025-09-01,873.6
Chacra Isla,2018,Noviembre,BIOPREMIUM,Valvula_1,2025-09-01,433.3333333333333
Chacra Isla,2019,Noviembre,NITRON,Valvula_1,2025-09-01,729.1666666666665
Chacra Isla,2019,Noviembre,BIOPRODUCCION,Valvula_1,2025-09-01,1056.0
Chacra Isla,2019,Noviembre,BIOPREMIUM,Valvula_1,2025-09-01,611.1111111111111
Chacra Vieja,2011,Noviembre,NITRON,Valvula_2,2025-09-01,1709.4155844155841
Chacra Vieja,2011,Noviembre,BIOPRODUCCION,Valvula_2,2025-09-01,3120.0
Chacra Vieja,2011,Noviembre,BIOPREMIUM,Valvula_2,2025-09-01,2888.8888888888887
Chacra Pivot,2012,Noviembre,NITRON,Valvula_2,2025-09-01,467.5324675324675
Chacra Pivot,2012,Noviembre,BIOPRODUCCION,Valvula_2,2025-09-01,736.0
Chacra Pivot,2012,Noviembre,BIOPREMIUM,Valvula_2,2025-09-01,592.5925925925926
Chacra Isla,2016,Noviembre,NITRON,Valvula_2,2025-09-01,631.5340909090909
Chacra Isla,2016,Noviembre,BIOPRODUCCION,Valvula_2,2025-09-01,1046.5
Chacra Isla,2016,Noviembre,BIOPREMIUM,Valvula_2,2025-09-01,674.074074074074
Chacra Isla,2017,Noviembre,NITRON,Valvula_2,2025-09-01,328.7337662337662
Chacra Isla,2017,Noviembre,BIOPRODUCCION,Valvula_2,2025-09-01,450.0
Chacra Isla,2017,Noviembre,BIOPREMIUM,Valvula_2,2025-09-01,333.3333333333333
Chacra Isla,2018,Noviembre,NITRON,Valvula_2,2025-09-01,619.7916666666665
Chacra Isla,2018,Noviembre,BIOPRODUCCION,Valvula_2,2025-09-01,862.4
Chacra Isla,2018,Noviembre,BIOPREMIUM,Valvula_2,2025-09-01,427.77777777777777
Chacra Isla,2019,Noviembre,NITRON,Valvula_2,2025-09-01,795.4545454545453
Chacra Isla,2019,Noviembre,BIOPRODUCCION,Valvula_2,2025-09-01,1152.0
Chacra Isla,2019,Noviembre,BIOPREMIUM,Valvula_2,2025-09-01,666.6666666666666
Chacra Isla,2016,Noviembre,NITRON,Valvula_3,2025-09-01,589.8944805194806
Chacra Isla,2016,Noviembre,BIOPRODUCCION,Valvula_3,2025-09-01,977.5
Chacra Isla,2016,Noviembre,BIOPREMIUM,Valvula_3,2025-09-01,629.6296296296296
Chacra Isla,2017,Noviembre,NITRON,Valvula_3,2025-09-01,328.7337662337662
Chacra Isla,2017,Noviembre,BIOPRODUCCION,Valvula_3,2025-09-01,450.0
Chacra Isla,2017,Noviembre,BIOPREMIUM,Valvula_3,2025-09-01,333.3333333333333
Chacra Isla,2018,Noviembre,NITRON,Valvula_3,2025-09-01,837.1212121212119
Chacra Isla,2018,Noviembre,BIOPRODUCCION,Valvula_3,2025-09-01,1164.8
Chacra Isla,2018,Noviembre,BIOPREMIUM,Valvula_3,2025-09-01,577.7777777777777
Chacra Isla,2019,Noviembre,NITRON,Valvula_3,2025-09-01,795.4545454545453
Chacra Isla,2019,Noviembre,BIOPRODUCCION,Valvula_3,2025-09-01,1152.0
Chacra Isla,2019,Noviembre,BIOPREMIUM,Valvula_3,2025-09-01,666.6666666666666
Chacra Isla,2016,Noviembre,NITRON,Valvula_4,2025-09-01,673.1737012987012
Chacra Isla,2016,Noviembre,BIOPRODUCCION,Valvula_4,2025-09-01,1115.5
Chacra Isla,2016,Noviembre,BIOPREMIUM,Valvula_4,2025-09-01,718.5185185185184
Chacra Isla,2017,Noviembre,NITRON,Valvula_4,2025-09-01,328.7337662337662
Chacra Isla,2017,Noviembre,BIOPRODUCCION,Valvula_4,2025-09-01,450.0
Chacra Isla,2017,Noviembre,BIOPREMIUM,Valvula_4,2025-09-01,333.3333333333333
Chacra Isla,2018,Noviembre,NITRON,Valvula_4,2025-09-01,708.3333333333331
Chacra Isla,2018,Noviembre,BIOPRODUCCION,Valvula_4,2025-09-01,985.6
Chacra Isla,2018,Noviembre,BIOPREMIUM,Valvula_4,2025-09-01,488.88888888888886
Chacra Isla,2019,Noviembre,NITRON,Valvula_4,2025-09-01,662.8787878787878
Chacra Isla,2019,Noviembre,BIOPRODUCCION,Valvula_4,2025-09-01,960.0
Chacra Isla,2019,Noviembre,BIOPREMIUM,Valvula_4,2025-09-01,555.5555555555555
Chacra Vieja,2011,Noviembre,NITRON,Valvula_1,2025-09-08,788.9610389610389
Chacra Vieja,2011,Noviembre,BIOPRODUCCION,Valvula_1,2025-09-08,1440.0
Chacra Pivot,2012,Noviembre,NITRON,Valvula_1,2025-09-08,336.03896103896096
Chacra Pivot,2012,Noviembre,BIOPRODUCCION,Valvula_1,2025-09-08,529.0
Chacra Isla,2016,Noviembre,NITRON,Valvula_1,2025-09-08,555.1948051948052
Chacra Isla,2016,Noviembre,BIOPRODUCCION,Valvula_1,2025-09-08,920.0
Chacra Isla,2017,Noviembre,NITRON,Valvula_1,2025-09-08,328.7337662337662
Chacra Isla,2017,Noviembre,BIOPRODUCCION,Valvula_1,2025-09-08,450.0
Chacra Isla,2018,Noviembre,NITRON,Valvula_1,2025-09-08,627.8409090909089
Chacra Isla,2019,Noviembre,NITRON,Valvula_1,2025-09-08,729.1666666666665
Chacra Vieja,2011,Noviembre,NITRON,Valvula_2,2025-09-08,1709.4155844155841
Chacra Vieja,2011,Noviembre,BIOPRODUCCION,Valvula_2,2025-09-08,3120.0
Chacra Pivot,2012,Noviembre,NITRON,Valvula_2,2025-09-08,467.5324675324675
Chacra Pivot,2012,Noviembre,BIOPRODUCCION,Valvula_2,2025-09-08,736.0
Chacra Isla,2016,Noviembre,NITRON,Valvula_2,2025-09-08,631.5340909090909
Chacra Isla,2016,Noviembre,BIOPRODUCCION,Valvula_2,2025-09-08,1046.5
Chacra Isla,2017,Noviembre,NITRON,Valvula_2,2025-09-08,328.7337662337662
Chacra Isla,2017,Noviembre,BIOPRODUCCION,Valvula_2,2025-09-08,450.0
Chacra Isla,2018,Noviembre,NITRON,Valvula_2,2025-09-08,619.7916666666665
Chacra Isla,2019,Noviembre,NITRON,Valvula_2,2025-09-08,795.4545454545453
Chacra Isla,2016,Noviembre,NITRON,Valvula_3,2025-09-08,589.8944805194806
Chacra Isla,2016,Noviembre,BIOPRODUCCION,Valvula_3,2025-09-08,977.5
Chacra Isla,2017,Noviembre,NITRON,Valvula_3,2025-09-08,328.7337662337662
Chacra Isla,2017,Noviembre,BIOPRODUCCION,Valvula_3,2025-09-08,450.0
Chacra Isla,2018,Noviembre,NITRON,Valvula_3,2025-09-08,837.1212121212119
Chacra Isla,2019,Noviembre,NITRON,Valvula_3,2025-09-08,795.4545454545453
Chacra Isla,2016,Noviembre,NITRON,Valvula_4,2025-09-08,673.1737012987012
Chacra Isla,2016,Noviembre,BIOPRODUCCION,Valvula_4,2025-09-08,1115.5
Chacra Isla,2017,Noviembre,NITRON,Valvula_4,2025-09-08,328.7337662337662
Chacra Isla,2017,Noviembre,BIOPRODUCCION,Valvula_4,2025-09-08,450.0
Chacra Isla,2018,Noviembre,NITRON,Valvula_4,2025-09-08,708.3333333333331
Chacra Isla,2019,Noviembre,NITRON,Valvula_4,2025-09-08,662.8787878787878
Chacra Vieja,2011,Diciembre,NITRON,Valvula_1,2025-10-06,964.2857142857142
Chacra Vieja,2011,Diciembre,BIOINICIO,Valvula_1,2025-10-06,1237.3737373737374
Chacra Vieja,2011,Diciembre,BIOPRODUCCION,Valvula_1,2025-10-06,1728.0
Chacra Vieja,2011,Diciembre,BIOPREMIUM,Valvula_1,2025-10-06,1333.3333333333333
Chacra Pivot,2012,Diciembre,NITRON,Valvula_1,2025-10-06,410.71428571428567
Chacra Pivot,2012,Diciembre,BIOINICIO,Valvula_1,2025-10-06,440.44612794612794
Chacra Pivot,2012,Diciembre,BIOPRODUCCION,Valvula_1,2025-10-06,634.8
Chacra Pivot,2012,Diciembre,BIOPREMIUM,Valvula_1,2025-10-06,425.9259259259259
Chacra Isla,2016,Diciembre,NITRON,Valvula_1,2025-10-06,678.5714285714286
Chacra Isla,2016,Diciembre,BIOINICIO,Valvula_1,2025-10-06,707.0707070707072
Chacra Isla,2016,Diciembre,BIOPRODUCCION,Valvula_1,2025-10-06,1104.0
Chacra Isla,2016,Diciembre,BIOPREMIUM,Valvula_1,2025-10-06,592.5925925925926
Chacra Isla,2017,Diciembre,NITRON,Valvula_1,2025-10-06,401.7857142857143
Chacra Isla,2017,Diciembre,BIOINICIO,Valvula_1,2025-10-06,662.8787878787878
Chacra Isla,2017,Diciembre,BIOPRODUCCION,Valvula_1,2025-10-06,540.0
Chacra Isla,2017,Diciembre,BIOPREMIUM,Valvula_1,2025-10-06,333.3333333333333
Chacra Isla,2018,Diciembre,NITRON,Valvula_1,2025-10-06,627.8409090909089
Chacra Isla,2018,Diciembre,BIOINICIO,Valvula_1,2025-10-06,919.1919191919193
Chacra Isla,2018,Diciembre,BIOPRODUCCION,Valvula_1,2025-10-06,1092.0
Chacra Isla,2018,Diciembre,BIOPREMIUM,Valvula_1,2025-10-06,433.3333333333333
Chacra Isla,2019,Diciembre,NITRON,Valvula_1,2025-10-06,729.1666666666665
Chacra Isla,2019,Diciembre,BIOINICIO,Valvula_1,2025-10-06,972.2222222222223
Chacra Isla,2019,Diciembre,BIOPRODUCCION,Valvula_1,2025-10-06,1320.0
Chacra Isla,2019,Diciembre,BIOPREMIUM,Valvula_1,2025-10-06,611.1111111111111
Chacra Vieja,2011,Diciembre,NITRON,Valvula_2,2025-10-06,2089.285714285714
Chacra Vieja,2011,Diciembre,BIOINICIO,Valvula_2,2025-10-06,2680.976430976431
Chacra Vieja,2011,Diciembre,BIOPRODUCCION,Valvula_2,2025-10-06,3744.0
Chacra Vieja,2011,Diciembre,BIOPREMIUM,Valvula_2,2025-10-06,2888.8888888888887
Chacra Pivot,2012,Diciembre,NITRON,Valvula_2,2025-10-06,571.4285714285713
Chacra Pivot,2012,Diciembre,BIOINICIO,Valvula_2,2025-10-06,612.7946127946128
Chacra Pivot,2012,Diciembre,BIOPRODUCCION,Valvula_2,2025-10-06,883.2
Chacra Pivot,2012,Diciembre,BIOPREMIUM,Valvula_2,2025-10-06,592.5925925925926
Chacra Isla,2016,Diciembre,NITRON,Valvula_2,2025-10-06,771.8749999999999
Chacra Isla,2016,Diciembre,BIOINICIO,Valvula_2,2025-10-06,804.2929292929293
Chacra Isla,2016,Diciembre,BIOPRODUCCION,Valvula_2,2025-10-06,1255.8
Chacra Isla,2016,Diciembre,BIOPREMIUM,Valvula_2,2025-10-06,674.074074074074
Chacra Isla,2017,Diciembre,NITRON,Valvula_2,2025-10-06,401.7857142857143
Chacra Isla,2017,Diciembre,BIOINICIO,Valvula_2,2025-10-06,662.8787878787878
Chacra Isla,2017,Diciembre,BIOPRODUCCION,Valvula_2,2025-10-06,540.0
Chacra Isla,2017,Diciembre,BIOPREMIUM,Valvula_2,2025-10-06,333.3333333333333
Chacra Isla,2018,Diciembre,NITRON,Valvula_2,2025-10-06,619.7916666666665
Chacra Isla,2018,Diciembre,BIOINICIO,Valvula_2,2025-10-06,907.4074074074075
Chacra Isla,2018,Diciembre,BIOPRODUCCION,Valvula_2,2025-10-06,1078.0
Chacra Isla,2018,Diciembre,BIOPREMIUM,Valvula_2,2025-10-06,427.77777777777777
Chacra Isla,2019,Diciembre,NITRON,Valvula_2,2025-10-06,795.4545454545453
Chacra Isla,2019,Diciembre,BIOINICIO,Valvula_2,2025-10-06,1060.6060606060607
Chacra Isla,2019,Diciembre,BIOPRODUCCION,Valvula_2,2025-10-06,1440.0
Chacra Isla,2019,Diciembre,BIOPREMIUM,Valvula_2,2025-10-06,666.6666666666666
Chacra Isla,2016,Diciembre,NITRON,Valvula_3,2025-10-06,720.9821428571428
Chacra Isla,2016,Diciembre,BIOINICIO,Valvula_3,2025-10-06,751.2626262626263
Chacra Isla,2016,Diciembre,BIOPRODUCCION,Valvula_3,2025-10-06,1173.0
Chacra Isla,2016,Diciembre,BIOPREMIUM,Valvula_3,2025-10-06,629.6296296296296
Chacra Isla,2017,Diciembre,NITRON,Valvula_3,2025-10-06,401.7857142857143
Chacra Isla,2017,Diciembre,BIOINICIO,Valvula_3,2025-10-06,662.8787878787878
Chacra Isla,2017,Diciembre,BIOPRODUCCION,Valvula_3,2025-10-06,540.0
Chacra Isla,2017,Diciembre,BIOPREMIUM,Valvula_3,2025-10-06,333.3333333333333
Chacra Isla,2018,Diciembre,NITRON,Valvula_3,2025-10-06,837.1212121212119
Chacra Isla,2018,Diciembre,BIOINICIO,Valvula_3,2025-10-06,1225.5892255892256
Chacra Isla,2018,Diciembre,BIOPRODUCCION,Valvula_3,2025-10-06,1456.0
Chacra Isla,2018,Diciembre,BIOPREMIUM,Valvula_3,2025-10-06,577.7777777777777
Chacra Isla,2019,Diciembre,NITRON,Valvula_3,2025-10-06,795.4545454545453
Chacra Isla,2019,Diciembre,BIOINICIO,Valvula_3,2025-10-06,1060.6060606060607
Chacra Isla,2019,Diciembre,BIOPRODUCCION,Valvula_3,2025-10-06,1440.0
Chacra Isla,2019,Diciembre,BIOPREMIUM,Valvula_3,2025-10-06,666.6666666666666
Chacra Isla,2016,Diciembre,NITRON,Valvula_4,2025-10-06,822.767857142857
Chacra Isla,2016,Diciembre,BIOINICIO,Valvula_4,2025-10-06,857.3232323232322
Chacra Isla,2016,Diciembre,BIOPRODUCCION,Valvula_4,2025-10-06,1338.6
Chacra Isla,2016,Diciembre,BIOPREMIUM,Valvula_4,2025-10-06,718.5185185185184
Chacra Isla,2017,Diciembre,NITRON,Valvula_4,2025-10-06,401.7857142857143
Chacra Isla,2017,Diciembre,BIOINICIO,Valvula_4,2025-10-06,662.8787878787878
Chacra Isla,2017,Diciembre,BIOPRODUCCION,Valvula_4,2025-10-06,540.0
Chacra Isla,2017,Diciembre,BIOPREMIUM,Valvula_4,2025-10-06,333.3333333333333
Chacra Isla,2018,Diciembre,NITRON,Valvula_4,2025-10-06,708.3333333333331
Chacra Isla,2018,Diciembre,BIOINICIO,Valvula_4,2025-10-06,1037.0370370370372
Chacra Isla,2018,Diciembre,BIOPRODUCCION,Valvula_4,2025-10-06,1232.0000000000002
Chacra Isla,2018,Diciembre,BIOPREMIUM,Valvula_4,2025-10-06,488.88888888888886
Chacra Isla,2019,Diciembre,NITRON,Valvula_4,2025-10-06,662.8787878787878
Chacra Isla,2019,Diciembre,BIOINICIO,Valvula_4,2025-10-06,883.8383838383838
Chacra Isla,2019,Diciembre,BIOPRODUCCION,Valvula_4,2025-10-06,1200.0
Chacra Isla,2019,Diciembre,BIOPREMIUM,Valvula_4,2025-10-06,555.5555555555555
Chacra Vieja,2011,Diciembre,NITRON,Valvula_1,2025-10-13,964.2857142857142
Chacra Vieja,2011,Diciembre,BIOINICIO,Valvula_1,2025-10-13,1237.3737373737374
Chacra Vieja,2011,Diciembre,BIOPRODUCCION,Valvula_1,2025-10-13,1728.0
Chacra Pivot,2012,Diciembre,NITRON,Valvula_1,2025-10-13,410.71428571428567
Chacra Pivot,2012,Diciembre,BIOINICIO,Valvula_1,2025-10-13,440.44612794612794
Chacra Pivot,2012,Diciembre,BIOPRODUCCION,Valvula_1,2025-10-13,634.8
Chacra Isla,2016,Diciembre,NITRON,Valvula_1,2025-10-13,678.5714285714286
Chacra Isla,2016,Diciembre,BIOINICIO,Valvula_1,2025-10-13,707.0707070707072
Chacra Isla,2016,Diciembre,BIOPRODUCCION,Valvula_1,2025-10-13,1104.0
Chacra Isla,2017,Diciembre,NITRON,Valvula_1,2025-10-13,401.7857142857143
Chacra Isla,2017,Diciembre,BIOPRODUCCION,Valvula_1,2025-10-13,540.0
Chacra Isla,2018,Diciembre,NITRON,Valvula_1,2025-10-13,627.8409090909089
Chacra Isla,2018,Diciembre,BIOPRODUCCION,Valvula_1,2025-10-13,1092.0
Chacra Isla,2019,Diciembre,NITRON,Valvula_1,2025-10-13,729.1666666666665
Chacra Isla,2019,Diciembre,BIOPRODUCCION,Valvula_1,2025-10-13,1320.0
Chacra Vieja,2011,Diciembre,NITRON,Valvula_2,2025-10-13,2089.285714285714
Chacra Vieja,2011,Diciembre,BIOINICIO,Valvula_2,2025-10-13,2680.976430976431
Chacra Vieja,2011,Diciembre,BIOPRODUCCION,Valvula_2,2025-10-13,3744.0
Chacra Pivot,2012,Diciembre,NITRON,Valvula_2,2025-10-13,571.4285714285713
Chacra Pivot,2012,Diciembre,BIOINICIO,Valvula_2,2025-10-13,612.7946127946128
Chacra Pivot,2012,Diciembre,BIOPRODUCCION,Valvula_2,2025-10-13,883.2
Chacra Isla,2016,Diciembre,NITRON,Valvula_2,2025-10-13,771.8749999999999
Chacra Isla,2016,Diciembre,BIOINICIO,Valvula_2,2025-10-13,804.2929292929293
Chacra Isla,2016,Diciembre,BIOPRODUCCION,Valvula_2,2025-10-13,1255.8
Chacra Isla,2017,Diciembre,NITRON,Valvula_2,2025-10-13,401.7857142857143
Chacra Isla,2017,Diciembre,BIOPRODUCCION,Valvula_2,2025-10-13,540.0
Chacra Isla,2018,Diciembre,NITRON,Valvula_2,2025-10-13,619.7916666666665
Chacra Isla,2018,Diciembre,BIOPRODUCCION,Valvula_2,2025-10-13,1078.0
Chacra Isla,2019,Diciembre,NITRON,Valvula_2,2025-10-13,795.4545454545453
Chacra Isla,2019,Diciembre,BIOPRODUCCION,Valvula_2,2025-10-13,1440.0
Chacra Isla,2016,Diciembre,NITRON,Valvula_3,2025-10-13,720.9821428571428
Chacra Isla,2016,Diciembre,BIOINICIO,Valvula_3,2025-10-13,751.2626262626263
Chacra Isla,2016,Diciembre,BIOPRODUCCION,Valvula_3,2025-10-13,1173.0
Chacra Isla,2017,Diciembre,NITRON,Valvula_3,2025-10-13,401.7857142857143
Chacra Isla,2017,Diciembre,BIOPRODUCCION,Valvula_3,2025-10-13,540.0
Chacra Isla,2018,Diciembre,NITRON,Valvula_3,2025-10-13,837.1212121212119
Chacra Isla,2018,Diciembre,BIOPRODUCCION,Valvula_3,2025-10-13,1456.0
Chacra Isla,2019,Diciembre,NITRON,Valvula_3,2025-10-13,795.4545454545453
Chacra Isla,2019,Diciembre,BIOPRODUCCION,Valvula_3,2025-10-13,1440.0
Chacra Isla,2016,Diciembre,NITRON,Valvula_4,2025-10-13,822.767857142857
Chacra Isla,2016,Diciembre,BIOINICIO,Valvula_4,2025-10-13,857.3232323232322
Chacra Isla,2016,Diciembre,BIOPRODUCCION,Valvula_4,2025-10-13,1338.6
Chacra Isla,2017,Diciembre,NITRON,Valvula_4,2025-10-13,401.7857142857143
Chacra Isla,2017,Diciembre,BIOPRODUCCION,Valvula_4,2025-10-13,540.0
Chacra Isla,2018,Diciembre,NITRON,Valvula_4,2025-10-13,708.3333333333331
Chacra Isla,2018,Diciembre,BIOPRODUCCION,Valvula_4,2025-10-13,1232.0000000000002
Chacra Isla,2019,Diciembre,NITRON,Valvula_4,2025-10-13,662.8787878787878
Chacra Isla,2019,Diciembre,BIOPRODUCCION,Valvula_4,2025-10-13,1200.0
Chacra Vieja,2011,Diciembre,BIOPRODUCCION,Valvula_1,2025-10-20,1728.0
Chacra Pivot,2012,Diciembre,BIOPRODUCCION,Valvula_1,2025-10-20,634.8
Chacra Isla,2016,Diciembre,BIOPRODUCCION,Valvula_1,2025-10-20,1104.0
Chacra Isla,2017,Diciembre,BIOPRODUCCION,Valvula_1,2025-10-20,540.0
Chacra Vieja,2011,Diciembre,BIOPRODUCCION,Valvula_2,2025-10-20,3744.0
Chacra Pivot,2012,Diciembre,BIOPRODUCCION,Valvula_2,2025-10-20,883.2
Chacra Isla,2016,Diciembre,BIOPRODUCCION,Valvula_2,2025-10-20,1255.8
Chacra Isla,2017,Diciembre,BIOPRODUCCION,Valvula_2,2025-10-20,540.0
Chacra Isla,2016,Diciembre,BIOPRODUCCION,Valvula_3,2025-10-20,1173.0
Chacra Isla,2017,Diciembre,BIOPRODUCCION,Valvula_3,2025-10-20,540.0
Chacra Isla,2016,Diciembre,BIOPRODUCCION,Valvula_4,2025-10-20,1338.6
Chacra Isla,2017,Diciembre,BIOPRODUCCION,Valvula_4,2025-10-20,540.0
Chacra Vieja,2011,Enero,NITRON,Valvula_1,2025-11-03,876.6233766233764
Chacra Vieja,2011,Enero,BIOPRODUCCION,Valvula_1,2025-11-03,1152.0
Chacra Vieja,2011,Enero,BIOPREMIUM,Valvula_1,2025-11-03,666.6666666666666
Chacra Pivot,2012,Enero,NITRON,Valvula_1,2025-11-03,373.3766233766233
Chacra Pivot,2012,Enero,BIOPRODUCCION,Valvula_1,2025-11-03,423.2
Chacra Pivot,2012,Enero,BIOPREMIUM,Valvula_1,2025-11-03,212.96296296296296
Chacra Isla,2016,Enero,NITRON,Valvula_1,2025-11-03,616.8831168831168
Chacra Isla,2016,Enero,BIOPRODUCCION,Valvula_1,2025-11-03,736.0
Chacra Isla,2016,Enero,BIOPREMIUM,Valvula_1,2025-11-03,296.2962962962963
Chacra Isla,2017,Enero,NITRON,Valvula_1,2025-11-03,365.2597402597402
Chacra Isla,2017,Enero,BIOPRODUCCION,Valvula_1,2025-11-03,360.0
Chacra Isla,2017,Enero,BIOPREMIUM,Valvula_1,2025-11-03,166.66666666666666
Chacra Isla,2018,Enero,NITRON,Valvula_1,2025-11-03,358.7662337662337
Chacra Isla,2018,Enero,BIOINICIO,Valvula_1,2025-11-03,131.31313131313132
Chacra Isla,2018,Enero,BIOPRODUCCION,Valvula_1,2025-11-03,655.2
Chacra Isla,2018,Enero,BIOPREMIUM,Valvula_1,2025-11-03,216.66666666666666
Chacra Isla,2019,Enero,NITRON,Valvula_1,2025-11-03,416.6666666666666
Chacra Isla,2019,Enero,BIOINICIO,Valvula_1,2025-11-03,138.88888888888889
Chacra Isla,2019,Enero,BIOPRODUCCION,Valvula_1,2025-11-03,792.0
Chacra Isla,2019,Enero,BIOPREMIUM,Valvula_1,2025-11-03,305.55555555555554
Chacra Vieja,2011,Enero,NITRON,Valvula_2,2025-11-03,1899.350649350649
Chacra Vieja,2011,Enero,BIOPRODUCCION,Valvula_2,2025-11-03,2496.0
Chacra Vieja,2011,Enero,BIOPREMIUM,Valvula_2,2025-11-03,1444.4444444444443
Chacra Pivot,2012,Enero,NITRON,Valvula_2,2025-11-03,519.4805194805195
Chacra Pivot,2012,Enero,BIOPRODUCCION,Valvula_2,2025-11-03,588.8
Chacra Pivot,2012,Enero,BIOPREMIUM,Valvula_2,2025-11-03,296.2962962962963
Chacra Isla,2016,Enero,NITRON,Valvula_2,2025-11-03,701.7045454545454
Chacra Isla,2016,Enero,BIOPRODUCCION,Valvula_2,2025-11-03,837.2
Chacra Isla,2016,Enero,BIOPREMIUM,Valvula_2,2025-11-03,337.037037037037
Chacra Isla,2017,Enero,NITRON,Valvula_2,2025-11-03,365.2597402597402
Chacra Isla,2017,Enero,BIOPRODUCCION,Valvula_2,2025-11-03,360.0
Chacra Isla,2017,Enero,BIOPREMIUM,Valvula_2,2025-11-03,166.66666666666666
Chacra Isla,2018,Enero,NITRON,Valvula_2,2025-11-03,354.16666666666663
Chacra Isla,2018,Enero,BIOINICIO,Valvula_2,2025-11-03,129.62962962962965
Chacra Isla,2018,Enero,BIOPRODUCCION,Valvula_2,2025-11-03,646.8
Chacra Isla,2018,Enero,BIOPREMIUM,Valvula_2,2025-11-03,213.88888888888889
Chacra Isla,2019,Enero,NITRON,Valvula_2,2025-11-03,454.54545454545445
Chacra Isla,2019,Enero,BIOINICIO,Valvula_2,2025-11-03,151.51515151515153
Chacra Isla,2019,Enero,BIOPRODUCCION,Valvula_2,2025-11-03,864.0
Chacra Isla,2019,Enero,BIOPREMIUM,Valvula_2,2025-11-03,333.3333333333333
Chacra Isla,2016,Enero,NITRON,Valvula_3,2025-11-03,655.4383116883116
Chacra Isla,2016,Enero,BIOPRODUCCION,Valvula_3,2025-11-03,782.0
Chacra Isla,2016,Enero,BIOPREMIUM,Valvula_3,2025-11-03,314.8148148148148
Chacra Isla,2017,Enero,NITRON,Valvula_3,2025-11-03,365.2597402597402
Chacra Isla,2017,Enero,BIOPRODUCCION,Valvula_3,2025-11-03,360.0
Chacra Isla,2017,Enero,BIOPREMIUM,Valvula_3,2025-11-03,166.66666666666666
Chacra Isla,2018,Enero,NITRON,Valvula_3,2025-11-03,478.35497835497824
Chacra Isla,2018,Enero,BIOINICIO,Valvula_3,2025-11-03,175.0841750841751
Chacra Isla,2018,Enero,BIOPRODUCCION,Valvula_3,2025-11-03,873.6
Chacra Isla,2018,Enero,BIOPREMIUM,Valvula_3,2025-11-03,288.88888888888886
Chacra Isla,2019,Enero,NITRON,Valvula_3,2025-11-03,454.54545454545445
Chacra Isla,2019,Enero,BIOINICIO,Valvula_3,2025-11-03,151.51515151515153
Chacra Isla,2019,Enero,BIOPRODUCCION,Valvula_3,2025-11-03,864.0
Chacra Isla,2019,Enero,BIOPREMIUM,Valvula_3,2025-11-03,333.3333333333333
Chacra Isla,2016,Enero,NITRON,Valvula_4,2025-11-03,747.970779220779
Chacra Isla,2016,Enero,BIOPRODUCCION,Valvula_4,2025-11-03,892.4
Chacra Isla,2016,Enero,BIOPREMIUM,Valvula_4,2025-11-03,359.2592592592592
Chacra Isla,2017,Enero,NITRON,Valvula_4,2025-11-03,365.2597402597402
Chacra Isla,2017,Enero,BIOPRODUCCION,Valvula_4,2025-11-03,360.0
Chacra Isla,2017,Enero,BIOPREMIUM,Valvula_4,2025-11-03,166.66666666666666
Chacra Isla,2018,Enero,NITRON,Valvula_4,2025-11-03,404.7619047619047
Chacra Isla,2018,Enero,BIOINICIO,Valvula_4,2025-11-03,148.14814814814815
Chacra Isla,2018,Enero,BIOPRODUCCION,Valvula_4,2025-11-03,739.2
Chacra Isla,2018,Enero,BIOPREMIUM,Valvula_4,2025-11-03,244.44444444444443
Chacra Isla,2019,Enero,NITRON,Valvula_4,2025-11-03,378.78787878787875
Chacra Isla,2019,Enero,BIOINICIO,Valvula_4,2025-11-03,126.26262626262627
Chacra Isla,2019,Enero,BIOPRODUCCION,Valvula_4,2025-11-03,720.0
Chacra Isla,2019,Enero,BIOPREMIUM,Valvula_4,2025-11-03,277.77777777777777
Chacra Vieja,2011,Febrero/Marzo,NITRON,Valvula_1,2025-12-01,876.6233766233764
Chacra Vieja,2011,Febrero/Marzo,BIOINICIO,Valvula_1,2025-12-01,1060.6060606060607
Chacra Vieja,2011,Febrero/Marzo,BIOPRODUCCION,Valvula_1,2025-12-01,1152.0
Chacra Vieja,2011,Febrero/Marzo,BIOPREMIUM,Valvula_1,2025-12-01,1111.111111111111
Chacra Pivot,2012,Febrero/Marzo,NITRON,Valvula_1,2025-12-01,373.3766233766233
Chacra Pivot,2012,Febrero/Marzo,BIOINICIO,Valvula_1,2025-12-01,377.5252525252525
Chacra Pivot,2012,Febrero/Marzo,BIOPRODUCCION,Valvula_1,2025-12-01,423.2
Chacra Pivot,2012,Febrero/Marzo,BIOPREMIUM,Valvula_1,2025-12-01,354.9382716049382
Chacra Isla,2016,Febrero/Marzo,NITRON,Valvula_1,2025-12-01,616.8831168831168
Chacra Isla,2016,Febrero/Marzo,BIOINICIO,Valvula_1,2025-12-01,606.0606060606061
Chacra Isla,2016,Febrero/Marzo,BIOPRODUCCION,Valvula_1,2025-12-01,736.0
Chacra Isla,2016,Febrero/Marzo,BIOPREMIUM,Valvula_1,2025-12-01,493.8271604938272
Chacra Isla,2017,Febrero/Marzo,NITRON,Valvula_1,2025-12-01,365.2597402597402
Chacra Isla,2017,Febrero/Marzo,BIOINICIO,Valvula_1,2025-12-01,284.0909090909091
Chacra Isla,2017,Febrero/Marzo,BIOPRODUCCION,Valvula_1,2025-12-01,720.0
Chacra Isla,2017,Febrero/Marzo,BIOPREMIUM,Valvula_1,2025-12-01,277.77777777777777
Chacra Isla,2018,Febrero/Marzo,NITRON,Valvula_1,2025-12-01,358.7662337662337
Chacra Isla,2018,Febrero/Marzo,BIOINICIO,Valvula_1,2025-12-01,262.62626262626264
Chacra Isla,2018,Febrero/Marzo,BIOPRODUCCION,Valvula_1,2025-12-01,655.2
Chacra Isla,2018,Febrero/Marzo,BIOPREMIUM,Valvula_1,2025-12-01,361.1111111111111
Chacra Isla,2019,Febrero/Marzo,NITRON,Valvula_1,2025-12-01,416.6666666666666
Chacra Isla,2019,Febrero/Marzo,BIOINICIO,Valvula_1,2025-12-01,277.77777777777777
Chacra Isla,2019,Febrero/Marzo,BIOPRODUCCION,Valvula_1,2025-12-01,792.0
Chacra Isla,2019,Febrero/Marzo,BIOPREMIUM,Valvula_1,2025-12-01,509.25925925925924
Chacra Vieja,2011,Febrero/Marzo,NITRON,Valvula_2,2025-12-01,1899.350649350649
Chacra Vieja,2011,Febrero/Marzo,BIOINICIO,Valvula_2,2025-12-01,2297.979797979798
Chacra Vieja,2011,Febrero/Marzo,BIOPRODUCCION,Valvula_2,2025-12-01,2496.0
Chacra Vieja,2011,Febrero/Marzo,BIOPREMIUM,Valvula_2,2025-12-01,2407.4074074074074
Chacra Pivot,2012,Febrero/Marzo,NITRON,Valvula_2,2025-12-01,519.4805194805195
Chacra Pivot,2012,Febrero/Marzo,BIOINICIO,Valvula_2,2025-12-01,525.2525252525253
Chacra Pivot,2012,Febrero/Marzo,BIOPRODUCCION,Valvula_2,2025-12-01,588.8
Chacra Pivot,2012,Febrero/Marzo,BIOPREMIUM,Valvula_2,2025-12-01,493.8271604938272
Chacra Isla,2016,Febrero/Marzo,NITRON,Valvula_2,2025-12-01,701.7045454545454
Chacra Isla,2016,Febrero/Marzo,BIOINICIO,Valvula_2,2025-12-01,689.3939393939394
Chacra Isla,2016,Febrero/Marzo,BIOPRODUCCION,Valvula_2,2025-12-01,837.2
Chacra Isla,2016,Febrero/Marzo,BIOPREMIUM,Valvula_2,2025-12-01,561.7283950617284
Chacra Isla,2017,Febrero/Marzo,NITRON,Valvula_2,2025-12-01,365.2597402597402
Chacra Isla,2017,Febrero/Marzo,BIOINICIO,Valvula_2,2025-12-01,284.0909090909091
Chacra Isla,2017,Febrero/Marzo,BIOPRODUCCION,Valvula_2,2025-12-01,720.0
Chacra Isla,2017,Febrero/Marzo,BIOPREMIUM,Valvula_2,2025-12-01,277.77777777777777
Chacra Isla,2018,Febrero/Marzo,NITRON,Valvula_2,2025-12-01,354.16666666666663
Chacra Isla,2018,Febrero/Marzo,BIOINICIO,Valvula_2,2025-12-01,259.2592592592593
Chacra Isla,2018,Febrero/Marzo,BIOPRODUCCION,Valvula_2,2025-12-01,646.8
Chacra Isla,2018,Febrero/Marzo,BIOPREMIUM,Valvula_2,2025-12-01,356.48148148148147
Chacra Isla,2019,Febrero/Marzo,NITRON,Valvula_2,2025-12-01,454.54545454545445
Chacra Isla,2019,Febrero/Marzo,BIOINICIO,Valvula_2,2025-12-01,303.03030303030306
Chacra Isla,2019,Febrero/Marzo,BIOPRODUCCION,Valvula_2,2025-12-01,864.0
Chacra Isla,2019,Febrero/Marzo,BIOPREMIUM,Valvula_2,2025-12-01,555.5555555555555
Chacra Isla,2016,Febrero/Marzo,NITRON,Valvula_3,2025-12-01,655.4383116883116
Chacra Isla,2016,Febrero/Marzo,BIOINICIO,Valvula_3,2025-12-01,643.939393939394
Chacra Isla,2016,Febrero/Marzo,BIOPRODUCCION,Valvula_3,2025-12-01,782.0
Chacra Isla,2016,Febrero/Marzo,BIOPREMIUM,Valvula_3,2025-12-01,524.6913580246913
Chacra Isla,2017,Febrero/Marzo,NITRON,Valvula_3,2025-12-01,365.2597402597402
Chacra Isla,2017,Febrero/Marzo,BIOINICIO,Valvula_3,2025-12-01,284.0909090909091
Chacra Isla,2017,Febrero/Marzo,BIOPRODUCCION,Valvula_3,2025-12-01,720.0
Chacra Isla,2017,Febrero/Marzo,BIOPREMIUM,Valvula_3,2025-12-01,277.77777777777777
Chacra Isla,2018,Febrero/Marzo,NITRON,Valvula_3,2025-12-01,478.35497835497824
Chacra Isla,2018,Febrero/Marzo,BIOINICIO,Valvula_3,2025-12-01,350.1683501683502
Chacra Isla,2018,Febrero/Marzo,BIOPRODUCCION,Valvula_3,2025-12-01,873.6
Chacra Isla,2018,Febrero/Marzo,BIOPREMIUM,Valvula_3,2025-12-01,481.48148148148147
Chacra Isla,2019,Febrero/Marzo,NITRON,Valvula_3,2025-12-01,454.54545454545445
Chacra Isla,2019,Febrero/Marzo,BIOINICIO,Valvula_3,2025-12-01,303.03030303030306
Chacra Isla,2019,Febrero/Marzo,BIOPRODUCCION,Valvula_3,2025-12-01,864.0
Chacra Isla,2019,Febrero/Marzo,BIOPREMIUM,Valvula_3,2025-12-01,555.5555555555555
Chacra Isla,2016,Febrero/Marzo,NITRON,Valvula_4,2025-12-01,747.970779220779
Chacra Isla,2016,Febrero/Marzo,BIOINICIO,Valvula_4,2025-12-01,734.8484848484848
Chacra Isla,2016,Febrero/Marzo,BIOPRODUCCION,Valvula_4,2025-12-01,892.4
Chacra Isla,2016,Febrero/Marzo,BIOPREMIUM,Valvula_4,2025-12-01,598.7654320987655
Chacra Isla,2017,Febrero/Marzo,NITRON,Valvula_4,2025-12-01,365.2597402597402
Chacra Isla,2017,Febrero/Marzo,BIOINICIO,Valvula_4,2025-12-01,284.0909090909091
Chacra Isla,2017,Febrero/Marzo,BIOPRODUCCION,Valvula_4,2025-12-01,720.0
Chacra Isla,2017,Febrero/Marzo,BIOPREMIUM,Valvula_4,2025-12-01,277.77777777777777
Chacra Isla,2018,Febrero/Marzo,NITRON,Valvula_4,2025-12-01,404.7619047619047
Chacra Isla,2018,Febrero/Marzo,BIOINICIO,Valvula_4,2025-12-01,296.2962962962963
Chacra Isla,2018,Febrero/Marzo,BIOPRODUCCION,Valvula_4,2025-12-01,739.2
Chacra Isla,2018,Febrero/Marzo,BIOPREMIUM,Valvula_4,2025-12-01,407.4074074074074
Chacra Isla,2019,Febrero/Marzo,NITRON,Valvula_4,2025-12-01,378.78787878787875
Chacra Isla,2019,Febrero/Marzo,BIOINICIO,Valvula_4,2025-12-01,252.52525252525254
Chacra Isla,2019,Febrero/Marzo,BIOPRODUCCION,Valvula_4,2025-12-01,720.0
Chacra Isla,2019,Febrero/Marzo,BIOPREMIUM,Valvula_4,2025-12-01,462.96296296296293
Chacra Vieja,2011,Febrero/Marzo,BIOPRODUCCION,Valvula_1,2025-12-08,1152.0
Chacra Pivot,2012,Febrero/Marzo,BIOPRODUCCION,Valvula_1,2025-12-08,423.2
Chacra Isla,2016,Febrero/Marzo,BIOPRODUCCION,Valvula_1,2025-12-08,736.0
Chacra Vieja,2011,Febrero/Marzo,BIOPRODUCCION,Valvula_2,2025-12-08,2496.0
Chacra Pivot,2012,Febrero/Marzo,BIOPRODUCCION,Valvula_2,2025-12-08,588.8
Chacra Isla,2016,Febrero/Marzo,BIOPRODUCCION,Valvula_2,2025-12-08,837.2
Chacra Isla,2016,Febrero/Marzo,BIOPRODUCCION,Valvula_3,2025-12-08,782.0
Chacra Isla,2016,Febrero/Marzo,BIOPRODUCCION,Valvula_4,2025-12-08,892.4
